ID,Name,Email,Salary
1,User1,user1@gmail.com,41000
2,User2,user2@gmail.com,42000
3,User3,user3@gmail.com,43000
4,User4,user4@gmail.com,44000
5,User5,user5@gmail.com,45000
6,User6,user6@gmail.com,46000
7,User7,user7@gmail.com,47000
8,User8,user8@gmail.com,48000
9,User9,user9@gmail.com,49000
10,User10,user10@gmail.com,50000
11,User11,user11@gmail.com,41000
12,User12,user12@gmail.com,42000
13,User13,user13@gmail.com,43000
14,User14,user14@gmail.com,44000
15,User15,user15@gmail.com,45000
16,User16,user16@gmail.com,46000
17,User17,user17@gmail.com,47000
18,User18,user18@gmail.com,48000
19,User19,user19@gmail.com,49000
20,User20,user20@gmail.com,50000
21,User21,user21@gmail.com,41000
22,User22,user22@gmail.com,42000
23,User23,user23@gmail.com,43000
24,User24,user24@gmail.com,44000
25,User25,user25@gmail.com,45000
26,User26,user26@gmail.com,46000
27,User27,user27@gmail.com,47000
28,User28,user28@gmail.com,48000
29,User29,user29@gmail.com,49000
30,User30,user30@gmail.com,50000
31,User31,user31@gmail.com,41000
32,User32,user32@gmail.com,42000
33,User33,user33@gmail.com,43000
34,User34,user34@gmail.com,44000
35,User35,user35@gmail.com,45000
36,User36,user36@gmail.com,46000
37,User37,user37@gmail.com,47000
38,User38,user38@gmail.com,48000
39,User39,user39@gmail.com,49000
40,User40,user40@gmail.com,50000
41,User41,user41@gmail.com,41000
42,User42,user42@gmail.com,42000
43,User43,user43@gmail.com,43000
44,User44,user44@gmail.com,44000
45,User45,user45@gmail.com,45000
46,User46,user46@gmail.com,46000
47,User47,user47@gmail.com,47000
48,User48,user48@gmail.com,48000
49,User49,user49@gmail.com,49000
50,User50,user50@gmail.com,50000
